Commodity_SCTG,Commodity_SCTG_desc,ShipmentWeight,WeightCategory,ValuePct,TonsPct
0,All Commodities (4),Less than 50 lbs,1,0.1267,0.002
0,All Commodities (4),50 - 99 lbs,2,0.0333,0.0013
0,All Commodities (4),100 - 499 lbs,3,0.0937,0.0077
0,All Commodities (4),500 - 749 lbs,4,0.0265,0.0038
0,All Commodities (4),750 - 999 lbs,5,0.0195,0.0035
0,All Commodities (4),"1,000 - 9,999 lbs",6,0.2038,0.0566
0,All Commodities (4),"10,000 - 49,999 lbs",7,0.341,0.4199
0,All Commodities (4),"50,000 - 99,999 lbs",8,0.0586,0.1866
0,All Commodities (4),"More than 100,000 lbs",9,0.097,0.3186
1,Live animals and live fish,Less than 50 lbs,1,0.0243,0.0016
1,Live animals and live fish,50 - 99 lbs,2,0.0109,0.0011
1,Live animals and live fish,100 - 499 lbs,3,0.0297,0.0062
1,Live animals and live fish,500 - 749 lbs,4,  ,  
1,Live animals and live fish,750 - 999 lbs,5,0.0036,0.0018
1,Live animals and live fish,"1,000 - 9,999 lbs",6,0.0654,0.0514
1,Live animals and live fish,"10,000 - 49,999 lbs",7,0.5382,0.6283
1,Live animals and live fish,"50,000 - 99,999 lbs",8,0.1898,0.1852
1,Live animals and live fish,"More than 100,000 lbs",9,0.1339,0.1228
2,Cereal grains,Less than 50 lbs,1,  ,  
2,Cereal grains,50 - 99 lbs,2,  ,0
2,Cereal grains,100 - 499 lbs,3,0.0006,0.0001
2,Cereal grains,500 - 749 lbs,4,0.0009,0.0001
2,Cereal grains,750 - 999 lbs,5,0.0003,0
2,Cereal grains,"1,000 - 9,999 lbs",6,0.0108,0.0033
2,Cereal grains,"10,000 - 49,999 lbs",7,0.0721,0.0517
2,Cereal grains,"50,000 - 99,999 lbs",8,0.2861,0.3249
2,Cereal grains,"More than 100,000 lbs",9,0.6291,0.6198
3,Other agricultural products,Less than 50 lbs,1,0.0315,0.0016
3,Other agricultural products,50 - 99 lbs,2,0.0154,0.002
3,Other agricultural products,100 - 499 lbs,3,0.0647,0.0153
3,Other agricultural products,500 - 749 lbs,4,0.0219,0.0067
3,Other agricultural products,750 - 999 lbs,5,0.0151,0.005
3,Other agricultural products,"1,000 - 9,999 lbs",6,0.1956,0.092
3,Other agricultural products,"10,000 - 49,999 lbs",7,0.4084,0.3188
3,Other agricultural products,"50,000 - 99,999 lbs",8,0.1025,0.2544
3,Other agricultural products,"More than 100,000 lbs",9,0.1449,0.3041
4,"Animal feed and products of animal origin, nec",Less than 50 lbs,1,0.0084,0.0004
4,"Animal feed and products of animal origin, nec",50 - 99 lbs,2,0.0026,0.0003
4,"Animal feed and products of animal origin, nec",100 - 499 lbs,3,0.0161,0.0026
4,"Animal feed and products of animal origin, nec",500 - 749 lbs,4,0.008,0.0016
4,"Animal feed and products of animal origin, nec",750 - 999 lbs,5,0.006,0.0012
4,"Animal feed and products of animal origin, nec","1,000 - 9,999 lbs",6,0.0943,0.0398
4,"Animal feed and products of animal origin, nec","10,000 - 49,999 lbs",7,0.594,0.5065
4,"Animal feed and products of animal origin, nec","50,000 - 99,999 lbs",8,0.1381,0.2793
4,"Animal feed and products of animal origin, nec","More than 100,000 lbs",9,0.1324,0.1682
5,"Meat, fish, seafood, and their preparations",Less than 50 lbs,1,0.0118,0.0029
5,"Meat, fish, seafood, and their preparations",50 - 99 lbs,2,0.0141,0.0045
5,"Meat, fish, seafood, and their preparations",100 - 499 lbs,3,0.0653,0.0332
5,"Meat, fish, seafood, and their preparations",500 - 749 lbs,4,0.0228,0.0158
5,"Meat, fish, seafood, and their preparations",750 - 999 lbs,5,0.0179,0.0134
5,"Meat, fish, seafood, and their preparations","1,000 - 9,999 lbs",6,0.2162,0.1802
5,"Meat, fish, seafood, and their preparations","10,000 - 49,999 lbs",7,0.6175,0.6807
5,"Meat, fish, seafood, and their preparations","50,000 - 99,999 lbs",8,0.0139,0.0268
5,"Meat, fish, seafood, and their preparations","More than 100,000 lbs",9,0.0206,0.0425
6,"Milled grain products and preparations, and bakery products",Less than 50 lbs,1,0.0375,0.0058
6,"Milled grain products and preparations, and bakery products",50 - 99 lbs,2,0.0101,0.0032
6,"Milled grain products and preparations, and bakery products",100 - 499 lbs,3,0.0355,0.0146
6,"Milled grain products and preparations, and bakery products",500 - 749 lbs,4,0.0139,0.0075
6,"Milled grain products and preparations, and bakery products",750 - 999 lbs,5,0.0142,0.0079
6,"Milled grain products and preparations, and bakery products","1,000 - 9,999 lbs",6,0.1634,0.0986
6,"Milled grain products and preparations, and bakery products","10,000 - 49,999 lbs",7,0.6428,0.5852
6,"Milled grain products and preparations, and bakery products","50,000 - 99,999 lbs",8,0.04,0.1453
6,"Milled grain products and preparations, and bakery products","More than 100,000 lbs",9,0.0427,0.1318
7,Other prepared foodstuffs and fats and oils,Less than 50 lbs,1,0.0175,0.0019
7,Other prepared foodstuffs and fats and oils,50 - 99 lbs,2,0.0113,0.0023
7,Other prepared foodstuffs and fats and oils,100 - 499 lbs,3,0.0498,0.0191
7,Other prepared foodstuffs and fats and oils,500 - 749 lbs,4,0.022,0.0103
7,Other prepared foodstuffs and fats and oils,750 - 999 lbs,5,0.0186,0.0096
7,Other prepared foodstuffs and fats and oils,"1,000 - 9,999 lbs",6,0.1908,0.1209
7,Other prepared foodstuffs and fats and oils,"10,000 - 49,999 lbs",7,0.6017,0.6296
7,Other prepared foodstuffs and fats and oils,"50,000 - 99,999 lbs",8,0.041,0.1029
7,Other prepared foodstuffs and fats and oils,"More than 100,000 lbs",9,0.0472,0.1032
8,Alcoholic beverages,Less than 50 lbs,1,0.0229,0.002
8,Alcoholic beverages,50 - 99 lbs,2,0.0147,0.0037
8,Alcoholic beverages,100 - 499 lbs,3,0.1065,0.0497
8,Alcoholic beverages,500 - 749 lbs,4,0.0459,0.0296
8,Alcoholic beverages,750 - 999 lbs,5,0.0411,0.0282
8,Alcoholic beverages,"1,000 - 9,999 lbs",6,0.3239,0.2884
8,Alcoholic beverages,"10,000 - 49,999 lbs",7,0.3564,0.4333
8,Alcoholic beverages,"50,000 - 99,999 lbs",8,0.0455,0.0778
8,Alcoholic beverages,"More than 100,000 lbs",9,0.043,0.0873
9,Tobacco products,Less than 50 lbs,1,0.0803,0.0228
9,Tobacco products,50 - 99 lbs,2,0.0553,0.0161
9,Tobacco products,100 - 499 lbs,3,0.1296,0.0629
9,Tobacco products,500 - 749 lbs,4,0.0306,0.0237
9,Tobacco products,750 - 999 lbs,5,0.023,0.0195
9,Tobacco products,"1,000 - 9,999 lbs",6,0.1383,0.1447
9,Tobacco products,"10,000 - 49,999 lbs",7,0.5391,0.6938
9,Tobacco products,"50,000 - 99,999 lbs",8,  ,  
9,Tobacco products,"More than 100,000 lbs",9,  ,  
10,Monumental or building stone,Less than 50 lbs,1,0.0131,0.0001
10,Monumental or building stone,50 - 99 lbs,2,0.0033,0.0001
10,Monumental or building stone,100 - 499 lbs,3,0.0459,0.0023
10,Monumental or building stone,500 - 749 lbs,4,0.0409,0.0019
10,Monumental or building stone,750 - 999 lbs,5,0.0263,0.0019
10,Monumental or building stone,"1,000 - 9,999 lbs",6,0.3437,0.0517
10,Monumental or building stone,"10,000 - 49,999 lbs",7,0.4591,0.6233
10,Monumental or building stone,"50,000 - 99,999 lbs",8,0.0596,0.2678
10,Monumental or building stone,"More than 100,000 lbs",9,0.0081,0.0508
11,Natural sands,Less than 50 lbs,1,0.0026,0
11,Natural sands,50 - 99 lbs,2,0.0006,0
11,Natural sands,100 - 499 lbs,3,0.0053,0.0001
11,Natural sands,500 - 749 lbs,4,0.0026,0
11,Natural sands,750 - 999 lbs,5,0.0032,0
11,Natural sands,"1,000 - 9,999 lbs",6,0.0669,0.0055
11,Natural sands,"10,000 - 49,999 lbs",7,0.4977,0.5177
11,Natural sands,"50,000 - 99,999 lbs",8,0.2455,0.3163
11,Natural sands,"More than 100,000 lbs",9,0.1757,0.1604
12,Gravel and crushed stone,Less than 50 lbs,1,  ,  
12,Gravel and crushed stone,50 - 99 lbs,2,  ,  
12,Gravel and crushed stone,100 - 499 lbs,3,  ,0
12,Gravel and crushed stone,500 - 749 lbs,4,0,0
12,Gravel and crushed stone,750 - 999 lbs,5,0,0
12,Gravel and crushed stone,"1,000 - 9,999 lbs",6,0.0111,0.0045
12,Gravel and crushed stone,"10,000 - 49,999 lbs",7,0.592,0.5855
12,Gravel and crushed stone,"50,000 - 99,999 lbs",8,0.2457,0.2358
12,Gravel and crushed stone,"More than 100,000 lbs",9,0.1511,0.1742
13,Nonmetallic minerals nec,Less than 50 lbs,1,0.0193,0
13,Nonmetallic minerals nec,50 - 99 lbs,2,0.0046,0
13,Nonmetallic minerals nec,100 - 499 lbs,3,0.0184,0.0005
13,Nonmetallic minerals nec,500 - 749 lbs,4,0.0115,0.0003
13,Nonmetallic minerals nec,750 - 999 lbs,5,  ,  
13,Nonmetallic minerals nec,"1,000 - 9,999 lbs",6,0.0876,0.0097
13,Nonmetallic minerals nec,"10,000 - 49,999 lbs",7,0.6019,0.5516
13,Nonmetallic minerals nec,"50,000 - 99,999 lbs",8,0.0994,0.1805
13,Nonmetallic minerals nec,"More than 100,000 lbs",9,0.1419,0.257
14,Metallic ores and concentrates,Less than 50 lbs,1,0.0116,0
14,Metallic ores and concentrates,50 - 99 lbs,2,0.0071,0.0001
14,Metallic ores and concentrates,100 - 499 lbs,3,0.031,0.0005
14,Metallic ores and concentrates,500 - 749 lbs,4,0.0121,  
14,Metallic ores and concentrates,750 - 999 lbs,5,  ,  
14,Metallic ores and concentrates,"1,000 - 9,999 lbs",6,  ,0.0038
14,Metallic ores and concentrates,"10,000 - 49,999 lbs",7,0.4042,0.0507
14,Metallic ores and concentrates,"50,000 - 99,999 lbs",8,0.0812,0.0226
14,Metallic ores and concentrates,"More than 100,000 lbs",9,0.3173,0.9218
15,Coal,Less than 50 lbs,1,  ,  
15,Coal,50 - 99 lbs,2,  ,  
15,Coal,100 - 499 lbs,3,  ,  
15,Coal,500 - 749 lbs,4,  ,0
15,Coal,750 - 999 lbs,5,  ,0
15,Coal,"1,000 - 9,999 lbs",6,0.0025,0.0003
15,Coal,"10,000 - 49,999 lbs",7,0.0688,0.0406
15,Coal,"50,000 - 99,999 lbs",8,0.0918,0.0697
15,Coal,"More than 100,000 lbs",9,0.8368,0.8893
16,Crude petroleum,Less than 50 lbs,1,,
16,Crude petroleum,50 - 99 lbs,2,,
16,Crude petroleum,100 - 499 lbs,3,,
16,Crude petroleum,500 - 749 lbs,4,,
16,Crude petroleum,750 - 999 lbs,5,,
16,Crude petroleum,"1,000 - 9,999 lbs",6,,
16,Crude petroleum,"10,000 - 49,999 lbs",7,,
16,Crude petroleum,"50,000 - 99,999 lbs",8,,
16,Crude petroleum,"More than 100,000 lbs",9,1,1
17,Gasoline and aviation turbine fuel,Less than 50 lbs,1,0,0
17,Gasoline and aviation turbine fuel,50 - 99 lbs,2,0.0001,0.0001
17,Gasoline and aviation turbine fuel,100 - 499 lbs,3,0.0004,0.0003
17,Gasoline and aviation turbine fuel,500 - 749 lbs,4,0.0003,0.0002
17,Gasoline and aviation turbine fuel,750 - 999 lbs,5,0.0003,0.0002
17,Gasoline and aviation turbine fuel,"1,000 - 9,999 lbs",6,0.0192,0.0169
17,Gasoline and aviation turbine fuel,"10,000 - 49,999 lbs",7,0.1775,0.1698
17,Gasoline and aviation turbine fuel,"50,000 - 99,999 lbs",8,0.3943,0.3771
17,Gasoline and aviation turbine fuel,"More than 100,000 lbs",9,0.4079,0.4353
18,Fuel oils,Less than 50 lbs,1,0.0001,0
18,Fuel oils,50 - 99 lbs,2,0.0002,0.0001
18,Fuel oils,100 - 499 lbs,3,0.0034,0.0024
18,Fuel oils,500 - 749 lbs,4,0.0055,0.0041
18,Fuel oils,750 - 999 lbs,5,0.0072,0.0056
18,Fuel oils,"1,000 - 9,999 lbs",6,0.1,0.0821
18,Fuel oils,"10,000 - 49,999 lbs",7,0.1835,0.1705
18,Fuel oils,"50,000 - 99,999 lbs",8,0.2566,0.255
18,Fuel oils,"More than 100,000 lbs",9,0.4436,0.4801
19,"Coal and petroleum products, nec",Less than 50 lbs,1,0.008,0.0004
19,"Coal and petroleum products, nec",50 - 99 lbs,2,0.005,0.0006
19,"Coal and petroleum products, nec",100 - 499 lbs,3,0.0354,0.0082
19,"Coal and petroleum products, nec",500 - 749 lbs,4,0.0144,0.005
19,"Coal and petroleum products, nec",750 - 999 lbs,5,0.0193,0.0069
19,"Coal and petroleum products, nec","1,000 - 9,999 lbs",6,0.1374,0.0496
19,"Coal and petroleum products, nec","10,000 - 49,999 lbs",7,0.285,0.3573
19,"Coal and petroleum products, nec","50,000 - 99,999 lbs",8,0.0739,0.1412
19,"Coal and petroleum products, nec","More than 100,000 lbs",9,0.4217,0.4307
20,Basic chemicals,Less than 50 lbs,1,0.023,0.0004
20,Basic chemicals,50 - 99 lbs,2,0.0068,0.0005
20,Basic chemicals,100 - 499 lbs,3,0.0315,0.0057
20,Basic chemicals,500 - 749 lbs,4,0.01,0.0031
20,Basic chemicals,750 - 999 lbs,5,0.0081,0.0022
20,Basic chemicals,"1,000 - 9,999 lbs",6,0.1081,0.0421
20,Basic chemicals,"10,000 - 49,999 lbs",7,0.3337,0.3587
20,Basic chemicals,"50,000 - 99,999 lbs",8,0.0406,0.059
20,Basic chemicals,"More than 100,000 lbs",9,0.4382,0.5282
21,Pharmaceutical products,Less than 50 lbs,1,0.3279,0.0664
21,Pharmaceutical products,50 - 99 lbs,2,0.072,0.0288
21,Pharmaceutical products,100 - 499 lbs,3,0.1566,0.096
21,Pharmaceutical products,500 - 749 lbs,4,0.0257,0.028
21,Pharmaceutical products,750 - 999 lbs,5,0.019,0.0206
21,Pharmaceutical products,"1,000 - 9,999 lbs",6,0.1936,0.3071
21,Pharmaceutical products,"10,000 - 49,999 lbs",7,0.2047,0.3659
21,Pharmaceutical products,"50,000 - 99,999 lbs",8,  ,0.031
21,Pharmaceutical products,"More than 100,000 lbs",9,0.0003,  
22,Fertilizers,Less than 50 lbs,1,0.0003,0
22,Fertilizers,50 - 99 lbs,2,0.0003,0
22,Fertilizers,100 - 499 lbs,3,0.003,0.0006
22,Fertilizers,500 - 749 lbs,4,0.0014,0.0004
22,Fertilizers,750 - 999 lbs,5,0.0012,0.0003
22,Fertilizers,"1,000 - 9,999 lbs",6,0.0623,0.0346
22,Fertilizers,"10,000 - 49,999 lbs",7,0.3905,0.3647
22,Fertilizers,"50,000 - 99,999 lbs",8,0.2022,0.212
22,Fertilizers,"More than 100,000 lbs",9,0.3388,0.3873
23,"Chemical products and preparations, nec",Less than 50 lbs,1,0.0735,0.007
23,"Chemical products and preparations, nec",50 - 99 lbs,2,0.0267,0.0045
23,"Chemical products and preparations, nec",100 - 499 lbs,3,0.0836,0.0237
23,"Chemical products and preparations, nec",500 - 749 lbs,4,0.0308,0.0121
23,"Chemical products and preparations, nec",750 - 999 lbs,5,0.0292,0.0103
23,"Chemical products and preparations, nec","1,000 - 9,999 lbs",6,0.2269,0.1502
23,"Chemical products and preparations, nec","10,000 - 49,999 lbs",7,0.4916,0.6732
23,"Chemical products and preparations, nec","50,000 - 99,999 lbs",8,0.0074,0.0351
23,"Chemical products and preparations, nec","More than 100,000 lbs",9,0.0301,0.084
24,Plastics and rubber,Less than 50 lbs,1,0.0692,0.0068
24,Plastics and rubber,50 - 99 lbs,2,0.0301,0.0065
24,Plastics and rubber,100 - 499 lbs,3,0.0993,0.0323
24,Plastics and rubber,500 - 749 lbs,4,0.0288,0.0116
24,Plastics and rubber,750 - 999 lbs,5,0.022,0.0108
24,Plastics and rubber,"1,000 - 9,999 lbs",6,0.2654,0.194
24,Plastics and rubber,"10,000 - 49,999 lbs",7,0.3564,0.4386
24,Plastics and rubber,"50,000 - 99,999 lbs",8,0.0123,0.0256
24,Plastics and rubber,"More than 100,000 lbs",9,0.1164,0.2738
25,Logs and other wood in the rough,Less than 50 lbs,1,  ,  
25,Logs and other wood in the rough,50 - 99 lbs,2,  ,  
25,Logs and other wood in the rough,100 - 499 lbs,3,0.0031,0.0001
25,Logs and other wood in the rough,500 - 749 lbs,4,0.0025,0.0001
25,Logs and other wood in the rough,750 - 999 lbs,5,0.0045,0.0002
25,Logs and other wood in the rough,"1,000 - 9,999 lbs",6,0.0543,0.0047
25,Logs and other wood in the rough,"10,000 - 49,999 lbs",7,0.4825,0.2697
25,Logs and other wood in the rough,"50,000 - 99,999 lbs",8,0.3603,0.6157
25,Logs and other wood in the rough,"More than 100,000 lbs",9,0.0859,  
26,Wood products,Less than 50 lbs,1,0.0164,0.0006
26,Wood products,50 - 99 lbs,2,0.012,0.0007
26,Wood products,100 - 499 lbs,3,0.0576,0.0057
26,Wood products,500 - 749 lbs,4,0.0256,0.0036
26,Wood products,750 - 999 lbs,5,0.0207,0.0035
26,Wood products,"1,000 - 9,999 lbs",6,0.2556,0.0917
26,Wood products,"10,000 - 49,999 lbs",7,0.4854,0.5465
26,Wood products,"50,000 - 99,999 lbs",8,0.077,0.2388
26,Wood products,"More than 100,000 lbs",9,0.0496,0.1089
27,"Pulp, newsprint, paper, and paperboard",Less than 50 lbs,1,0.0122,0.0007
27,"Pulp, newsprint, paper, and paperboard",50 - 99 lbs,2,0.006,0.001
27,"Pulp, newsprint, paper, and paperboard",100 - 499 lbs,3,0.0302,0.0083
27,"Pulp, newsprint, paper, and paperboard",500 - 749 lbs,4,0.0144,0.0049
27,"Pulp, newsprint, paper, and paperboard",750 - 999 lbs,5,0.0104,0.0039
27,"Pulp, newsprint, paper, and paperboard","1,000 - 9,999 lbs",6,0.1488,0.0751
27,"Pulp, newsprint, paper, and paperboard","10,000 - 49,999 lbs",7,0.5508,0.5748
27,"Pulp, newsprint, paper, and paperboard","50,000 - 99,999 lbs",8,0.0399,0.0574
27,"Pulp, newsprint, paper, and paperboard","More than 100,000 lbs",9,0.1873,0.2739
28,Paper or paperboard articles,Less than 50 lbs,1,0.0361,0.0037
28,Paper or paperboard articles,50 - 99 lbs,2,0.0172,0.0038
28,Paper or paperboard articles,100 - 499 lbs,3,0.0698,0.0231
28,Paper or paperboard articles,500 - 749 lbs,4,0.0242,0.0112
28,Paper or paperboard articles,750 - 999 lbs,5,0.017,0.0086
28,Paper or paperboard articles,"1,000 - 9,999 lbs",6,0.2379,0.1808
28,Paper or paperboard articles,"10,000 - 49,999 lbs",7,0.5763,0.6849
28,Paper or paperboard articles,"50,000 - 99,999 lbs",8,0.0101,0.0502
28,Paper or paperboard articles,"More than 100,000 lbs",9,0.0113,0.0336
29,Printed products,Less than 50 lbs,1,0.2295,0.0373
29,Printed products,50 - 99 lbs,2,0.0537,0.0154
29,Printed products,100 - 499 lbs,3,0.1381,0.0526
29,Printed products,500 - 749 lbs,4,0.0525,0.0219
29,Printed products,750 - 999 lbs,5,0.0286,0.0139
29,Printed products,"1,000 - 9,999 lbs",6,0.2562,0.2422
29,Printed products,"10,000 - 49,999 lbs",7,0.2215,0.5472
29,Printed products,"50,000 - 99,999 lbs",8,  ,0.026
29,Printed products,"More than 100,000 lbs",9,  ,0.0434
30,"Textiles, leather, and articles of textiles or leather",Less than 50 lbs,1,0.191,0.044
30,"Textiles, leather, and articles of textiles or leather",50 - 99 lbs,2,0.0372,0.0155
30,"Textiles, leather, and articles of textiles or leather",100 - 499 lbs,3,0.1034,0.0586
30,"Textiles, leather, and articles of textiles or leather",500 - 749 lbs,4,0.0325,0.0297
30,"Textiles, leather, and articles of textiles or leather",750 - 999 lbs,5,0.0229,0.0211
30,"Textiles, leather, and articles of textiles or leather","1,000 - 9,999 lbs",6,0.2812,0.2433
30,"Textiles, leather, and articles of textiles or leather","10,000 - 49,999 lbs",7,0.3228,0.5242
30,"Textiles, leather, and articles of textiles or leather","50,000 - 99,999 lbs",8,0.004,0.0203
30,"Textiles, leather, and articles of textiles or leather","More than 100,000 lbs",9,0.005,0.0432
31,Nonmetallic mineral products,Less than 50 lbs,1,0.0528,0.0004
31,Nonmetallic mineral products,50 - 99 lbs,2,0.0164,0.0003
31,Nonmetallic mineral products,100 - 499 lbs,3,0.0526,0.0017
31,Nonmetallic mineral products,500 - 749 lbs,4,0.0192,0.0008
31,Nonmetallic mineral products,750 - 999 lbs,5,0.0133,0.0007
31,Nonmetallic mineral products,"1,000 - 9,999 lbs",6,0.1625,0.0321
31,Nonmetallic mineral products,"10,000 - 49,999 lbs",7,0.5329,0.6921
31,Nonmetallic mineral products,"50,000 - 99,999 lbs",8,0.1109,0.194
31,Nonmetallic mineral products,"More than 100,000 lbs",9,0.0394,0.0779
32,Base metal in primary or semi finished forms and in finished basic shapes,Less than 50 lbs,1,0.0239,0.001
32,Base metal in primary or semi finished forms and in finished basic shapes,50 - 99 lbs,2,0.0125,0.0011
32,Base metal in primary or semi finished forms and in finished basic shapes,100 - 499 lbs,3,0.0518,0.0089
32,Base metal in primary or semi finished forms and in finished basic shapes,500 - 749 lbs,4,0.0193,0.0049
32,Base metal in primary or semi finished forms and in finished basic shapes,750 - 999 lbs,5,0.0147,0.0044
32,Base metal in primary or semi finished forms and in finished basic shapes,"1,000 - 9,999 lbs",6,0.1858,0.0923
32,Base metal in primary or semi finished forms and in finished basic shapes,"10,000 - 49,999 lbs",7,0.5139,0.5796
32,Base metal in primary or semi finished forms and in finished basic shapes,"50,000 - 99,999 lbs",8,0.0551,0.1067
32,Base metal in primary or semi finished forms and in finished basic shapes,"More than 100,000 lbs",9,0.123,0.2009
33,Articles of base metal,Less than 50 lbs,1,0.1301,0.0083
33,Articles of base metal,50 - 99 lbs,2,0.0394,0.006
33,Articles of base metal,100 - 499 lbs,3,0.123,0.0327
33,Articles of base metal,500 - 749 lbs,4,0.0361,0.0148
33,Articles of base metal,750 - 999 lbs,5,0.0268,0.0121
33,Articles of base metal,"1,000 - 9,999 lbs",6,0.2648,0.218
33,Articles of base metal,"10,000 - 49,999 lbs",7,0.3331,0.5567
33,Articles of base metal,"50,000 - 99,999 lbs",8,0.0202,0.0585
33,Articles of base metal,"More than 100,000 lbs",9,0.0266,0.0928
34,Machinery,Less than 50 lbs,1,0.1518,0.0198
34,Machinery,50 - 99 lbs,2,0.049,0.0127
34,Machinery,100 - 499 lbs,3,0.1273,0.0618
34,Machinery,500 - 749 lbs,4,0.0411,0.0264
34,Machinery,750 - 999 lbs,5,0.0278,0.018
34,Machinery,"1,000 - 9,999 lbs",6,0.235,0.2361
34,Machinery,"10,000 - 49,999 lbs",7,0.3212,0.5029
34,Machinery,"50,000 - 99,999 lbs",8,0.0283,0.079
34,Machinery,"More than 100,000 lbs",9,0.0185,0.0433
35,Electronic and other electrical equipment and components and office equipment,Less than 50 lbs,1,0.3248,0.0592
35,Electronic and other electrical equipment and components and office equipment,50 - 99 lbs,2,0.0832,0.0316
35,Electronic and other electrical equipment and components and office equipment,100 - 499 lbs,3,0.1975,0.1168
35,Electronic and other electrical equipment and components and office equipment,500 - 749 lbs,4,0.0433,0.0351
35,Electronic and other electrical equipment and components and office equipment,750 - 999 lbs,5,0.0305,0.0314
35,Electronic and other electrical equipment and components and office equipment,"1,000 - 9,999 lbs",6,0.1784,0.2533
35,Electronic and other electrical equipment and components and office equipment,"10,000 - 49,999 lbs",7,0.1364,0.4013
35,Electronic and other electrical equipment and components and office equipment,"50,000 - 99,999 lbs",8,0.0033,0.0214
35,Electronic and other electrical equipment and components and office equipment,"More than 100,000 lbs",9,0.0026,0.0498
36,Motorized and other vehicles (including parts),Less than 50 lbs,1,0.0697,0.0152
36,Motorized and other vehicles (including parts),50 - 99 lbs,2,0.0275,0.0104
36,Motorized and other vehicles (including parts),100 - 499 lbs,3,0.0916,0.0452
36,Motorized and other vehicles (including parts),500 - 749 lbs,4,0.0235,0.0154
36,Motorized and other vehicles (including parts),750 - 999 lbs,5,0.0145,0.011
36,Motorized and other vehicles (including parts),"1,000 - 9,999 lbs",6,0.31,0.2881
36,Motorized and other vehicles (including parts),"10,000 - 49,999 lbs",7,0.3958,0.526
36,Motorized and other vehicles (including parts),"50,000 - 99,999 lbs",8,0.0389,0.0495
36,Motorized and other vehicles (including parts),"More than 100,000 lbs",9,0.0285,0.0391
37,"Transportation equipment, nec",Less than 50 lbs,1,0.2565,0.0113
37,"Transportation equipment, nec",50 - 99 lbs,2,0.0532,0.0043
37,"Transportation equipment, nec",100 - 499 lbs,3,0.1432,0.0178
37,"Transportation equipment, nec",500 - 749 lbs,4,0.0393,0.0081
37,"Transportation equipment, nec",750 - 999 lbs,5,0.0233,0.0051
37,"Transportation equipment, nec","1,000 - 9,999 lbs",6,0.1751,0.1409
37,"Transportation equipment, nec","10,000 - 49,999 lbs",7,0.1258,0.4477
37,"Transportation equipment, nec","50,000 - 99,999 lbs",8,0.0386,0.0792
37,"Transportation equipment, nec","More than 100,000 lbs",9,  ,0.2855
38,Precision instruments and apparatus,Less than 50 lbs,1,0.4781,0.1223
38,Precision instruments and apparatus,50 - 99 lbs,2,0.0927,0.0505
38,Precision instruments and apparatus,100 - 499 lbs,3,0.1942,0.1814
38,Precision instruments and apparatus,500 - 749 lbs,4,0.0371,0.0482
38,Precision instruments and apparatus,750 - 999 lbs,5,0.0219,0.0408
38,Precision instruments and apparatus,"1,000 - 9,999 lbs",6,0.1266,0.2946
38,Precision instruments and apparatus,"10,000 - 49,999 lbs",7,0.0474,0.2126
38,Precision instruments and apparatus,"50,000 - 99,999 lbs",8,0.0013,  
38,Precision instruments and apparatus,"More than 100,000 lbs",9,  ,  
39,"Furniture, mattresses and mattress supports, lamps, lighting fittings, and illuminated signs",Less than 50 lbs,1,0.061,0.016
39,"Furniture, mattresses and mattress supports, lamps, lighting fittings, and illuminated signs",50 - 99 lbs,2,0.0379,0.0162
39,"Furniture, mattresses and mattress supports, lamps, lighting fittings, and illuminated signs",100 - 499 lbs,3,0.1766,0.0987
39,"Furniture, mattresses and mattress supports, lamps, lighting fittings, and illuminated signs",500 - 749 lbs,4,0.0601,0.0451
39,"Furniture, mattresses and mattress supports, lamps, lighting fittings, and illuminated signs",750 - 999 lbs,5,0.0421,0.0342
39,"Furniture, mattresses and mattress supports, lamps, lighting fittings, and illuminated signs","1,000 - 9,999 lbs",6,0.3727,0.3686
39,"Furniture, mattresses and mattress supports, lamps, lighting fittings, and illuminated signs","10,000 - 49,999 lbs",7,0.2311,0.3779
39,"Furniture, mattresses and mattress supports, lamps, lighting fittings, and illuminated signs","50,000 - 99,999 lbs",8,0.0069,0.0235
39,"Furniture, mattresses and mattress supports, lamps, lighting fittings, and illuminated signs","More than 100,000 lbs",9,0.0116,0.0197
40,Miscellaneous manufactured products,Less than 50 lbs,1,0.339,0.0283
40,Miscellaneous manufactured products,50 - 99 lbs,2,0.0508,0.0105
40,Miscellaneous manufactured products,100 - 499 lbs,3,0.1272,0.0433
40,Miscellaneous manufactured products,500 - 749 lbs,4,0.0329,0.0146
40,Miscellaneous manufactured products,750 - 999 lbs,5,0.0227,0.0117
40,Miscellaneous manufactured products,"1,000 - 9,999 lbs",6,0.1886,0.1781
40,Miscellaneous manufactured products,"10,000 - 49,999 lbs",7,0.2136,0.5429
40,Miscellaneous manufactured products,"50,000 - 99,999 lbs",8,0.019,0.0737
40,Miscellaneous manufactured products,"More than 100,000 lbs",9,0.0061,0.0969
41,Waste and scrap,Less than 50 lbs,1,  ,  
41,Waste and scrap,50 - 99 lbs,2,  ,  
41,Waste and scrap,100 - 499 lbs,3,0.0001,  
41,Waste and scrap,500 - 749 lbs,4,0.0002,  
41,Waste and scrap,750 - 999 lbs,5,0.0001,0
41,Waste and scrap,"1,000 - 9,999 lbs",6,0.0236,0.0042
41,Waste and scrap,"10,000 - 49,999 lbs",7,0.6949,0.6372
41,Waste and scrap,"50,000 - 99,999 lbs",8,0.1053,0.1857
41,Waste and scrap,"More than 100,000 lbs",9,0.1755,0.1728
43,Mixed freight,Less than 50 lbs,1,0.0511,0.0062
43,Mixed freight,50 - 99 lbs,2,0.019,0.0049
43,Mixed freight,100 - 499 lbs,3,0.0719,0.0312
43,Mixed freight,500 - 749 lbs,4,0.0275,0.018
43,Mixed freight,750 - 999 lbs,5,0.0219,0.0161
43,Mixed freight,"1,000 - 9,999 lbs",6,0.3083,0.2853
43,Mixed freight,"10,000 - 49,999 lbs",7,0.4883,0.5968
43,Mixed freight,"50,000 - 99,999 lbs",8,0.0082,0.0277
43,Mixed freight,"More than 100,000 lbs",9,0.0037,0.0138
99,Commodity unknown,Less than 50 lbs,1,0.2615,  
99,Commodity unknown,50 - 99 lbs,2,0.086,  
99,Commodity unknown,100 - 499 lbs,3,0.1789,  
99,Commodity unknown,500 - 749 lbs,4,0.0633,  
99,Commodity unknown,750 - 999 lbs,5,0.042,  
99,Commodity unknown,"1,000 - 9,999 lbs",6,0.1507,  
99,Commodity unknown,"10,000 - 49,999 lbs",7,0.1315,  
99,Commodity unknown,"50,000 - 99,999 lbs",8,  ,  
99,Commodity unknown,"More than 100,000 lbs",9,  ,  
